origin,destination,Domestic,CarrierAA,Class,Ticket,amount,miles
RALEIGH DURHAM,SAN FRANCISCO,DOMESTIC            ,UNITED AIRLINES,BUSINESS,1.00,168.70,2412.00
RALEIGH DURHAM,SAN FRANCISCO,DOMESTIC            ,UNITED AIRLINES,BUSINESS,1.00,180.71,2412.00
RALEIGH DURHAM,SAN FRANCISCO,DOMESTIC            ,UNITED AIRLINES,BUSINESS,1.00,180.71,2412.00
RALEIGH DURHAM,SAN FRANCISCO,DOMESTIC            ,UNITED AIRLINES,BUSINESS,1.00,180.71,2412.00
RALEIGH DURHAM,SAN FRANCISCO,DOMESTIC            ,AMERICAN AIRLINES,BUSINESS,1.00,180.93,2412.00
RALEIGH DURHAM,SAN FRANCISCO,DOMESTIC            ,UNITED AIRLINES,BUSINESS,1.00,181.20,2412.00
RALEIGH DURHAM,SAN FRANCISCO,DOMESTIC            ,UNITED AIRLINES,BUSINESS,1.00,181.81,2412.00
RALEIGH DURHAM,SAN FRANCISCO,DOMESTIC            ,UNITED AIRLINES,BUSINESS,1.00,182.09,2412.00
RALEIGH DURHAM,SAN FRANCISCO,DOMESTIC            ,UNITED AIRLINES,BUSINESS,1.00,182.16,2412.00
RALEIGH DURHAM,SAN FRANCISCO,DOMESTIC            ,UNITED AIRLINES,BUSINESS,1.00,182.31,2412.00
RALEIGH DURHAM,SAN FRANCISCO,DOMESTIC            ,UNITED AIRLINES,BUSINESS,1.00,182.88,2412.00
RALEIGH DURHAM,SAN FRANCISCO,DOMESTIC            ,UNITED AIRLINES,BUSINESS,1.00,183.32,2412.00
RALEIGH DURHAM,SAN FRANCISCO,DOMESTIC            ,UNITED AIRLINES,BUSINESS,1.00,183.64,2412.00
RALEIGH DURHAM,SAN FRANCISCO,DOMESTIC            ,UNITED AIRLINES,BUSINESS,1.00,183.67,2412.00
RALEIGH DURHAM,SAN FRANCISCO,DOMESTIC            ,UNITED AIRLINES,BUSINESS,1.00,183.76,2412.00
RALEIGH DURHAM,SAN FRANCISCO,DOMESTIC            ,AMERICAN AIRLINES,BUSINESS,1.00,184.40,2412.00
RALEIGH DURHAM,SAN FRANCISCO,DOMESTIC            ,UNITED AIRLINES,BUSINESS,1.00,184.40,2412.00
RALEIGH DURHAM,SAN FRANCISCO,DOMESTIC            ,UNITED AIRLINES,BUSINESS,1.00,184.40,2412.00
RALEIGH DURHAM,SAN FRANCISCO,DOMESTIC            ,AMERICAN AIRLINES,BUSINESS,1.00,184.94,2412.00
RALEIGH DURHAM,SAN FRANCISCO,DOMESTIC            ,AMERICAN AIRLINES,BUSINESS,1.00,189.05,2412.00
RALEIGH DURHAM,SAN FRANCISCO,DOMESTIC            ,AMERICAN AIRLINES,BUSINESS,1.00,190.35,2412.00
RALEIGH DURHAM,SAN FRANCISCO,DOMESTIC            ,AMERICAN AIRLINES,BUSINESS,1.00,191.47,2412.00
RALEIGH DURHAM,SAN FRANCISCO,DOMESTIC            ,AMERICAN AIRLINES,BUSINESS,1.00,192.14,2412.00
RALEIGH DURHAM,SAN FRANCISCO,DOMESTIC            ,UNITED AIRLINES,BUSINESS,1.00,193.86,2412.00
RALEIGH DURHAM,SAN FRANCISCO,DOMESTIC            ,UNITED AIRLINES,BUSINESS,1.00,194.19,2412.00
RALEIGH DURHAM,SAN FRANCISCO,DOMESTIC            ,UNITED AIRLINES,BUSINESS,1.00,194.42,2412.00
RALEIGH DURHAM,SAN FRANCISCO,DOMESTIC            ,UNITED AIRLINES,BUSINESS,1.00,194.42,2412.00
RALEIGH DURHAM,SAN FRANCISCO,DOMESTIC            ,UNITED AIRLINES,BUSINESS,1.00,194.71,2412.00
RALEIGH DURHAM,SAN FRANCISCO,DOMESTIC            ,UNITED AIRLINES,BUSINESS,1.00,194.71,2412.00
RALEIGH DURHAM,SAN FRANCISCO,DOMESTIC            ,UNITED AIRLINES,BUSINESS,1.00,195.17,2412.00
RALEIGH DURHAM,SAN FRANCISCO,DOMESTIC            ,UNITED AIRLINES,BUSINESS,1.00,195.17,2412.00
RALEIGH DURHAM,SAN FRANCISCO,DOMESTIC            ,UNITED AIRLINES,BUSINESS,1.00,195.33,2412.00
RALEIGH DURHAM,SAN FRANCISCO,DOMESTIC            ,UNITED AIRLINES,BUSINESS,1.00,195.33,2412.00
RALEIGH DURHAM,SAN FRANCISCO,DOMESTIC            ,UNITED AIRLINES,BUSINESS,1.00,195.33,2412.00
RALEIGH DURHAM,SAN FRANCISCO,DOMESTIC            ,UNITED AIRLINES,BUSINESS,1.00,195.36,2412.00
RALEIGH DURHAM,SAN FRANCISCO,DOMESTIC            ,UNITED AIRLINES,BUSINESS,1.00,195.63,2412.00
RALEIGH DURHAM,SAN FRANCISCO,DOMESTIC            ,UNITED AIRLINES,BUSINESS,1.00,195.63,2412.00
RALEIGH DURHAM,SAN FRANCISCO,DOMESTIC            ,UNITED AIRLINES,BUSINESS,1.00,195.63,2412.00
RALEIGH DURHAM,SAN FRANCISCO,DOMESTIC            ,UNITED AIRLINES,BUSINESS,1.00,195.63,2412.00
RALEIGH DURHAM,SAN FRANCISCO,DOMESTIC            ,UNITED AIRLINES,BUSINESS,1.00,195.67,2412.00
RALEIGH DURHAM,SAN FRANCISCO,DOMESTIC            ,UNITED AIRLINES,BUSINESS,1.00,195.93,2412.00
RALEIGH DURHAM,SAN FRANCISCO,DOMESTIC            ,UNITED AIRLINES,BUSINESS,1.00,196.02,2412.00
RALEIGH DURHAM,SAN FRANCISCO,DOMESTIC            ,UNITED AIRLINES,BUSINESS,1.00,196.59,2412.00
RALEIGH DURHAM,SAN FRANCISCO,DOMESTIC            ,UNITED AIRLINES,BUSINESS,1.00,196.59,2412.00
RALEIGH DURHAM,SAN FRANCISCO,DOMESTIC            ,UNITED AIRLINES,BUSINESS,1.00,196.59,2412.00
RALEIGH DURHAM,SAN FRANCISCO,DOMESTIC            ,UNITED AIRLINES,BUSINESS,1.00,196.67,2412.00
RALEIGH DURHAM,SAN FRANCISCO,DOMESTIC            ,UNITED AIRLINES,BUSINESS,1.00,196.67,2412.00
RALEIGH DURHAM,SAN FRANCISCO,DOMESTIC            ,UNITED AIRLINES,BUSINESS,1.00,196.99,2412.00
RALEIGH DURHAM,SAN FRANCISCO,DOMESTIC            ,UNITED AIRLINES,BUSINESS,1.00,197.23,2412.00
RALEIGH DURHAM,SAN FRANCISCO,DOMESTIC            ,UNITED AIRLINES,BUSINESS,1.00,197.39,2412.00
RALEIGH DURHAM,SAN FRANCISCO,DOMESTIC            ,UNITED AIRLINES,BUSINESS,1.00,199.93,2412.00
RALEIGH DURHAM,SAN FRANCISCO,DOMESTIC            ,UNITED AIRLINES,BUSINESS,1.00,207.64,2412.00
RALEIGH DURHAM,SAN FRANCISCO,DOMESTIC            ,UNITED AIRLINES,BUSINESS,1.00,209.68,2412.00
RALEIGH DURHAM,SAN FRANCISCO,DOMESTIC            ,UNITED AIRLINES,BUSINESS,1.00,209.88,2412.00
RALEIGH DURHAM,SAN FRANCISCO,DOMESTIC            ,UNITED AIRLINES,BUSINESS,1.00,210.94,2412.00
RALEIGH DURHAM,SAN FRANCISCO,DOMESTIC            ,UNITED AIRLINES,BUSINESS,1.00,210.94,2412.00
RALEIGH DURHAM,SAN FRANCISCO,DOMESTIC            ,UNITED AIRLINES,BUSINESS,1.00,211.10,2412.00
RALEIGH DURHAM,SAN FRANCISCO,DOMESTIC            ,UNITED AIRLINES,BUSINESS,1.00,211.11,2412.00
RALEIGH DURHAM,SAN FRANCISCO,DOMESTIC            ,UNITED AIRLINES,BUSINESS,1.00,211.92,2412.00
RALEIGH DURHAM,SAN FRANCISCO,DOMESTIC            ,AMERICAN AIRLINES,BUSINESS,1.00,212.18,2412.00
RALEIGH DURHAM,SAN FRANCISCO,DOMESTIC            ,UNITED AIRLINES,BUSINESS,1.00,212.22,2412.00
RALEIGH DURHAM,SAN FRANCISCO,DOMESTIC            ,UNITED AIRLINES,BUSINESS,1.00,212.54,2412.00
RALEIGH DURHAM,SAN FRANCISCO,DOMESTIC            ,AMERICAN AIRLINES,BUSINESS,1.00,215.91,2412.00
RALEIGH DURHAM,SAN FRANCISCO,DOMESTIC            ,AMERICAN AIRLINES,BUSINESS,1.00,218.19,2412.00
RALEIGH DURHAM,SAN FRANCISCO,DOMESTIC            ,UNITED AIRLINES,BUSINESS,1.00,222.28,2412.00
RALEIGH DURHAM,SAN FRANCISCO,DOMESTIC            ,UNITED AIRLINES,BUSINESS,1.00,222.29,2412.00
RALEIGH DURHAM,SAN FRANCISCO,DOMESTIC            ,UNITED AIRLINES,BUSINESS,1.00,222.47,2412.00
RALEIGH DURHAM,SAN FRANCISCO,DOMESTIC            ,AMERICAN AIRLINES,BUSINESS,1.00,233.98,2412.00
RALEIGH DURHAM,SAN FRANCISCO,DOMESTIC            ,UNITED AIRLINES,BUSINESS,1.00,237.65,2412.00
RALEIGH DURHAM,SAN FRANCISCO,DOMESTIC            ,UNITED AIRLINES,BUSINESS,1.00,238.53,2412.00
RALEIGH DURHAM,SAN FRANCISCO,DOMESTIC            ,AMERICAN AIRLINES,BUSINESS,1.00,256.68,2412.00
RALEIGH DURHAM,SAN FRANCISCO,DOMESTIC            ,UNITED AIRLINES,BUSINESS,1.00,260.07,2412.00
RALEIGH DURHAM,SAN FRANCISCO,DOMESTIC            ,UNITED AIRLINES,BUSINESS,1.00,263.98,2412.00
RALEIGH DURHAM,SAN FRANCISCO,DOMESTIC            ,UNITED AIRLINES,BUSINESS,1.00,263.98,2412.00
RALEIGH DURHAM,SAN FRANCISCO,DOMESTIC            ,UNITED AIRLINES,BUSINESS,1.00,264.77,2412.00
RALEIGH DURHAM,SAN FRANCISCO,DOMESTIC            ,UNITED AIRLINES,BUSINESS,1.00,265.73,2412.00
RALEIGH DURHAM,SAN FRANCISCO,DOMESTIC            ,UNITED AIRLINES,BUSINESS,1.00,265.94,2412.00
RALEIGH DURHAM,SAN FRANCISCO,DOMESTIC            ,UNITED AIRLINES,BUSINESS,1.00,267.72,2412.00
RALEIGH DURHAM,SAN FRANCISCO,DOMESTIC            ,AMERICAN AIRLINES,BUSINESS,1.00,267.93,2412.00
RALEIGH DURHAM,SAN FRANCISCO,DOMESTIC            ,AMERICAN AIRLINES,BUSINESS,1.00,274.92,2412.00
RALEIGH DURHAM,SAN FRANCISCO,DOMESTIC            ,AMERICAN AIRLINES,BUSINESS,1.00,275.40,2412.00
RALEIGH DURHAM,SAN FRANCISCO,DOMESTIC            ,AMERICAN AIRLINES,BUSINESS,1.00,278.24,2412.00
RALEIGH DURHAM,SAN FRANCISCO,DOMESTIC            ,UNITED AIRLINES,BUSINESS,1.00,282.51,2412.00
RALEIGH DURHAM,SAN FRANCISCO,DOMESTIC            ,UNITED AIRLINES,BUSINESS,1.00,282.51,2412.00
RALEIGH DURHAM,SAN FRANCISCO,DOMESTIC            ,UNITED AIRLINES,BUSINESS,1.00,282.73,2412.00
RALEIGH DURHAM,SAN FRANCISCO,DOMESTIC            ,UNITED AIRLINES,BUSINESS,1.00,283.22,2412.00
RALEIGH DURHAM,SAN FRANCISCO,DOMESTIC            ,UNITED AIRLINES,BUSINESS,1.00,283.22,2412.00
RALEIGH DURHAM,SAN FRANCISCO,DOMESTIC            ,UNITED AIRLINES,BUSINESS,1.00,283.22,2412.00
RALEIGH DURHAM,SAN FRANCISCO,DOMESTIC            ,UNITED AIRLINES,BUSINESS,1.00,283.22,2412.00
RALEIGH DURHAM,SAN FRANCISCO,DOMESTIC            ,UNITED AIRLINES,BUSINESS,1.00,283.24,2412.00
RALEIGH DURHAM,SAN FRANCISCO,DOMESTIC            ,UNITED AIRLINES,BUSINESS,1.00,283.63,2412.00
RALEIGH DURHAM,SAN FRANCISCO,DOMESTIC            ,UNITED AIRLINES,BUSINESS,1.00,283.63,2412.00
RALEIGH DURHAM,SAN FRANCISCO,DOMESTIC            ,UNITED AIRLINES,BUSINESS,1.00,283.68,2412.00
RALEIGH DURHAM,SAN FRANCISCO,DOMESTIC            ,UNITED AIRLINES,BUSINESS,1.00,283.72,2412.00
RALEIGH DURHAM,SAN FRANCISCO,DOMESTIC            ,UNITED AIRLINES,BUSINESS,1.00,283.76,2412.00
RALEIGH DURHAM,SAN FRANCISCO,DOMESTIC            ,UNITED AIRLINES,BUSINESS,1.00,283.76,2412.00
RALEIGH DURHAM,SAN FRANCISCO,DOMESTIC            ,UNITED AIRLINES,BUSINESS,1.00,283.76,2412.00
RALEIGH DURHAM,SAN FRANCISCO,DOMESTIC            ,UNITED AIRLINES,BUSINESS,1.00,283.87,2412.00
RALEIGH DURHAM,SAN FRANCISCO,DOMESTIC            ,UNITED AIRLINES,BUSINESS,1.00,284.18,2412.00
RALEIGH DURHAM,SAN FRANCISCO,DOMESTIC            ,UNITED AIRLINES,BUSINESS,1.00,284.87,2412.00
RALEIGH DURHAM,SAN FRANCISCO,DOMESTIC            ,UNITED AIRLINES,BUSINESS,1.00,284.87,2412.00
RALEIGH DURHAM,SAN FRANCISCO,DOMESTIC            ,UNITED AIRLINES,BUSINESS,1.00,285.43,2412.00
RALEIGH DURHAM,SAN FRANCISCO,DOMESTIC            ,UNITED AIRLINES,BUSINESS,1.00,285.43,2412.00
RALEIGH DURHAM,SAN FRANCISCO,DOMESTIC            ,UNITED AIRLINES,BUSINESS,1.00,285.66,2412.00
RALEIGH DURHAM,SAN FRANCISCO,DOMESTIC            ,UNITED AIRLINES,BUSINESS,1.00,285.69,2412.00
RALEIGH DURHAM,SAN FRANCISCO,DOMESTIC            ,UNITED AIRLINES,BUSINESS,1.00,285.85,2412.00
RALEIGH DURHAM,SAN FRANCISCO,DOMESTIC            ,UNITED AIRLINES,BUSINESS,1.00,285.85,2412.00
RALEIGH DURHAM,SAN FRANCISCO,DOMESTIC            ,UNITED AIRLINES,BUSINESS,1.00,286.25,2412.00
RALEIGH DURHAM,SAN FRANCISCO,DOMESTIC            ,UNITED AIRLINES,BUSINESS,1.00,286.25,2412.00
RALEIGH DURHAM,SAN FRANCISCO,DOMESTIC            ,AMERICAN AIRLINES,BUSINESS,1.00,287.19,2412.00
RALEIGH DURHAM,SAN FRANCISCO,DOMESTIC            ,UNITED AIRLINES,BUSINESS,1.00,287.75,2412.00
RALEIGH DURHAM,SAN FRANCISCO,DOMESTIC            ,AMERICAN AIRLINES,BUSINESS,1.00,288.40,2412.00
RALEIGH DURHAM,SAN FRANCISCO,DOMESTIC            ,AMERICAN AIRLINES,BUSINESS,1.00,291.13,2412.00
RALEIGH DURHAM,SAN FRANCISCO,DOMESTIC            ,AMERICAN AIRLINES,BUSINESS,1.00,291.28,2412.00
RALEIGH DURHAM,SAN FRANCISCO,DOMESTIC            ,UNITED AIRLINES,BUSINESS,1.00,291.36,2412.00
RALEIGH DURHAM,SAN FRANCISCO,DOMESTIC            ,UNITED AIRLINES,BUSINESS,1.00,292.63,2412.00
RALEIGH DURHAM,SAN FRANCISCO,DOMESTIC            ,UNITED AIRLINES,BUSINESS,1.00,294.39,2412.00
RALEIGH DURHAM,SAN FRANCISCO,DOMESTIC            ,UNITED AIRLINES,BUSINESS,1.00,294.96,2412.00
RALEIGH DURHAM,SAN FRANCISCO,DOMESTIC            ,UNITED AIRLINES,BUSINESS,1.00,294.98,2412.00
RALEIGH DURHAM,SAN FRANCISCO,DOMESTIC            ,UNITED AIRLINES,BUSINESS,1.00,295.49,2412.00
RALEIGH DURHAM,SAN FRANCISCO,DOMESTIC            ,UNITED AIRLINES,BUSINESS,1.00,295.76,2412.00
RALEIGH DURHAM,SAN FRANCISCO,DOMESTIC            ,UNITED AIRLINES,BUSINESS,1.00,297.61,2412.00
RALEIGH DURHAM,SAN FRANCISCO,DOMESTIC            ,AMERICAN AIRLINES,BUSINESS,1.00,298.61,2412.00
RALEIGH DURHAM,SAN FRANCISCO,DOMESTIC            ,UNITED AIRLINES,BUSINESS,1.00,298.88,2412.00
RALEIGH DURHAM,SAN FRANCISCO,DOMESTIC            ,UNITED AIRLINES,BUSINESS,1.00,298.88,2412.00
RALEIGH DURHAM,SAN FRANCISCO,DOMESTIC            ,UNITED AIRLINES,BUSINESS,1.00,299.59,2412.00
RALEIGH DURHAM,SAN FRANCISCO,DOMESTIC            ,UNITED AIRLINES,BUSINESS,1.00,299.59,2412.00
RALEIGH DURHAM,SAN FRANCISCO,DOMESTIC            ,UNITED AIRLINES,BUSINESS,1.00,299.59,2412.00
RALEIGH DURHAM,SAN FRANCISCO,DOMESTIC            ,UNITED AIRLINES,BUSINESS,1.00,299.59,2412.00
RALEIGH DURHAM,SAN FRANCISCO,DOMESTIC            ,UNITED AIRLINES,BUSINESS,1.00,300.25,2412.00
RALEIGH DURHAM,SAN FRANCISCO,DOMESTIC            ,UNITED AIRLINES,BUSINESS,1.00,300.58,2412.00
RALEIGH DURHAM,SAN FRANCISCO,DOMESTIC            ,UNITED AIRLINES,BUSINESS,1.00,300.58,2412.00
RALEIGH DURHAM,SAN FRANCISCO,DOMESTIC            ,UNITED AIRLINES,BUSINESS,1.00,300.58,2412.00
RALEIGH DURHAM,SAN FRANCISCO,DOMESTIC            ,UNITED AIRLINES,BUSINESS,1.00,300.97,2412.00
RALEIGH DURHAM,SAN FRANCISCO,DOMESTIC            ,UNITED AIRLINES,BUSINESS,1.00,301.01,2412.00
RALEIGH DURHAM,SAN FRANCISCO,DOMESTIC            ,UNITED AIRLINES,BUSINESS,1.00,301.03,2412.00
RALEIGH DURHAM,SAN FRANCISCO,DOMESTIC            ,UNITED AIRLINES,BUSINESS,1.00,301.50,2412.00
RALEIGH DURHAM,SAN FRANCISCO,DOMESTIC            ,UNITED AIRLINES,BUSINESS,1.00,301.50,2412.00
RALEIGH DURHAM,SAN FRANCISCO,DOMESTIC            ,UNITED AIRLINES,BUSINESS,1.00,301.50,2412.00
RALEIGH DURHAM,SAN FRANCISCO,DOMESTIC            ,UNITED AIRLINES,BUSINESS,1.00,301.50,2412.00
RALEIGH DURHAM,SAN FRANCISCO,DOMESTIC            ,UNITED AIRLINES,BUSINESS,1.00,301.50,2412.00
RALEIGH DURHAM,SAN FRANCISCO,DOMESTIC            ,UNITED AIRLINES,BUSINESS,1.00,301.54,2412.00
RALEIGH DURHAM,SAN FRANCISCO,DOMESTIC            ,UNITED AIRLINES,BUSINESS,1.00,301.54,2412.00
RALEIGH DURHAM,SAN FRANCISCO,DOMESTIC            ,UNITED AIRLINES,BUSINESS,1.00,301.58,2412.00
RALEIGH DURHAM,SAN FRANCISCO,DOMESTIC            ,UNITED AIRLINES,BUSINESS,1.00,301.58,2412.00
RALEIGH DURHAM,SAN FRANCISCO,DOMESTIC            ,UNITED AIRLINES,BUSINESS,1.00,302.03,2412.00
RALEIGH DURHAM,SAN FRANCISCO,DOMESTIC            ,UNITED AIRLINES,BUSINESS,1.00,302.03,2412.00
RALEIGH DURHAM,SAN FRANCISCO,DOMESTIC            ,UNITED AIRLINES,BUSINESS,1.00,302.03,2412.00
RALEIGH DURHAM,SAN FRANCISCO,DOMESTIC            ,UNITED AIRLINES,BUSINESS,1.00,302.03,2412.00
RALEIGH DURHAM,SAN FRANCISCO,DOMESTIC            ,UNITED AIRLINES,BUSINESS,1.00,302.76,2412.00
RALEIGH DURHAM,SAN FRANCISCO,DOMESTIC            ,UNITED AIRLINES,BUSINESS,1.00,302.76,2412.00
RALEIGH DURHAM,SAN FRANCISCO,DOMESTIC            ,UNITED AIRLINES,BUSINESS,1.00,302.91,2412.00
RALEIGH DURHAM,SAN FRANCISCO,DOMESTIC            ,UNITED AIRLINES,BUSINESS,1.00,302.91,2412.00
RALEIGH DURHAM,SAN FRANCISCO,DOMESTIC            ,UNITED AIRLINES,BUSINESS,1.00,310.16,2412.00
RALEIGH DURHAM,SAN FRANCISCO,DOMESTIC            ,AMERICAN AIRLINES,BUSINESS,1.00,311.57,2412.00
RALEIGH DURHAM,SAN FRANCISCO,DOMESTIC            ,UNITED AIRLINES,BUSINESS,1.00,311.88,2412.00
RALEIGH DURHAM,SAN FRANCISCO,DOMESTIC            ,UNITED AIRLINES,BUSINESS,1.00,311.88,2412.00
RALEIGH DURHAM,SAN FRANCISCO,DOMESTIC            ,UNITED AIRLINES,BUSINESS,1.00,311.88,2412.00
RALEIGH DURHAM,SAN FRANCISCO,DOMESTIC            ,UNITED AIRLINES,BUSINESS,1.00,311.88,2412.00
RALEIGH DURHAM,SAN FRANCISCO,DOMESTIC            ,UNITED AIRLINES,BUSINESS,1.00,311.90,2412.00
RALEIGH DURHAM,SAN FRANCISCO,DOMESTIC            ,UNITED AIRLINES,BUSINESS,1.00,311.90,2412.00
RALEIGH DURHAM,SAN FRANCISCO,DOMESTIC            ,UNITED AIRLINES,BUSINESS,1.00,312.35,2412.00
RALEIGH DURHAM,SAN FRANCISCO,DOMESTIC            ,UNITED AIRLINES,BUSINESS,1.00,312.35,2412.00
RALEIGH DURHAM,SAN FRANCISCO,DOMESTIC            ,UNITED AIRLINES,BUSINESS,1.00,312.35,2412.00
RALEIGH DURHAM,SAN FRANCISCO,DOMESTIC            ,UNITED AIRLINES,BUSINESS,1.00,312.35,2412.00
RALEIGH DURHAM,SAN FRANCISCO,DOMESTIC            ,UNITED AIRLINES,BUSINESS,1.00,312.35,2412.00
RALEIGH DURHAM,SAN FRANCISCO,DOMESTIC            ,UNITED AIRLINES,BUSINESS,1.00,312.35,2412.00
RALEIGH DURHAM,SAN FRANCISCO,DOMESTIC            ,UNITED AIRLINES,BUSINESS,1.00,312.54,2412.00
RALEIGH DURHAM,SAN FRANCISCO,DOMESTIC            ,UNITED AIRLINES,BUSINESS,1.00,312.54,2412.00
RALEIGH DURHAM,SAN FRANCISCO,DOMESTIC            ,UNITED AIRLINES,BUSINESS,1.00,313.40,2412.00
RALEIGH DURHAM,SAN FRANCISCO,DOMESTIC            ,UNITED AIRLINES,BUSINESS,1.00,313.62,2412.00
RALEIGH DURHAM,SAN FRANCISCO,DOMESTIC            ,UNITED AIRLINES,BUSINESS,1.00,313.62,2412.00
RALEIGH DURHAM,SAN FRANCISCO,DOMESTIC            ,UNITED AIRLINES,BUSINESS,1.00,313.62,2412.00
RALEIGH DURHAM,SAN FRANCISCO,DOMESTIC            ,UNITED AIRLINES,BUSINESS,1.00,313.85,2412.00
RALEIGH DURHAM,SAN FRANCISCO,DOMESTIC            ,UNITED AIRLINES,BUSINESS,1.00,313.85,2412.00
RALEIGH DURHAM,SAN FRANCISCO,DOMESTIC            ,AMERICAN AIRLINES,BUSINESS,1.00,315.27,2412.00
RALEIGH DURHAM,SAN FRANCISCO,DOMESTIC            ,UNITED AIRLINES,BUSINESS,1.00,315.85,2412.00
RALEIGH DURHAM,SAN FRANCISCO,DOMESTIC            ,UNITED AIRLINES,BUSINESS,1.00,315.85,2412.00
RALEIGH DURHAM,SAN FRANCISCO,DOMESTIC            ,UNITED AIRLINES,BUSINESS,1.00,315.85,2412.00
RALEIGH DURHAM,SAN FRANCISCO,DOMESTIC            ,AMERICAN AIRLINES,BUSINESS,1.00,316.02,2412.00
RALEIGH DURHAM,SAN FRANCISCO,DOMESTIC            ,AMERICAN AIRLINES,BUSINESS,1.00,316.16,2412.00
RALEIGH DURHAM,SAN FRANCISCO,DOMESTIC            ,AMERICAN AIRLINES,BUSINESS,1.00,318.27,2412.00
RALEIGH DURHAM,SAN FRANCISCO,DOMESTIC            ,UNITED AIRLINES,BUSINESS,1.00,318.55,2412.00
RALEIGH DURHAM,SAN FRANCISCO,DOMESTIC            ,UNITED AIRLINES,BUSINESS,1.00,318.55,2412.00
RALEIGH DURHAM,SAN FRANCISCO,DOMESTIC            ,UNITED AIRLINES,BUSINESS,1.00,319.64,2412.00
RALEIGH DURHAM,SAN FRANCISCO,DOMESTIC            ,AMERICAN AIRLINES,BUSINESS,1.00,319.94,2412.00
RALEIGH DURHAM,SAN FRANCISCO,DOMESTIC            ,UNITED AIRLINES,BUSINESS,1.00,322.14,2412.00
RALEIGH DURHAM,SAN FRANCISCO,DOMESTIC            ,UNITED AIRLINES,BUSINESS,1.00,323.81,2412.00
RALEIGH DURHAM,SAN FRANCISCO,DOMESTIC            ,UNITED AIRLINES,BUSINESS,1.00,323.95,2412.00
RALEIGH DURHAM,SAN FRANCISCO,DOMESTIC            ,UNITED AIRLINES,BUSINESS,1.00,324.06,2412.00
RALEIGH DURHAM,SAN FRANCISCO,DOMESTIC            ,UNITED AIRLINES,BUSINESS,1.00,324.10,2412.00
RALEIGH DURHAM,SAN FRANCISCO,DOMESTIC            ,UNITED AIRLINES,BUSINESS,1.00,324.10,2412.00
RALEIGH DURHAM,SAN FRANCISCO,DOMESTIC            ,UNITED AIRLINES,BUSINESS,1.00,324.76,2412.00
RALEIGH DURHAM,SAN FRANCISCO,DOMESTIC            ,UNITED AIRLINES,BUSINESS,1.00,324.76,2412.00
RALEIGH DURHAM,SAN FRANCISCO,DOMESTIC            ,UNITED AIRLINES,BUSINESS,1.00,324.76,2412.00
RALEIGH DURHAM,SAN FRANCISCO,DOMESTIC            ,UNITED AIRLINES,BUSINESS,1.00,325.60,2412.00
RALEIGH DURHAM,SAN FRANCISCO,DOMESTIC            ,UNITED AIRLINES,BUSINESS,1.00,325.64,2412.00
RALEIGH DURHAM,SAN FRANCISCO,DOMESTIC            ,UNITED AIRLINES,BUSINESS,1.00,325.64,2412.00
RALEIGH DURHAM,SAN FRANCISCO,DOMESTIC            ,UNITED AIRLINES,BUSINESS,1.00,326.10,2412.00
RALEIGH DURHAM,SAN FRANCISCO,DOMESTIC            ,UNITED AIRLINES,BUSINESS,1.00,326.21,2412.00
RALEIGH DURHAM,SAN FRANCISCO,DOMESTIC            ,UNITED AIRLINES,BUSINESS,1.00,326.21,2412.00
RALEIGH DURHAM,SAN FRANCISCO,DOMESTIC            ,UNITED AIRLINES,BUSINESS,1.00,326.21,2412.00
RALEIGH DURHAM,SAN FRANCISCO,DOMESTIC            ,UNITED AIRLINES,BUSINESS,1.00,326.25,2412.00
RALEIGH DURHAM,SAN FRANCISCO,DOMESTIC            ,UNITED AIRLINES,BUSINESS,1.00,326.38,2412.00
RALEIGH DURHAM,SAN FRANCISCO,DOMESTIC            ,UNITED AIRLINES,BUSINESS,1.00,326.38,2412.00
RALEIGH DURHAM,SAN FRANCISCO,DOMESTIC            ,AMERICAN AIRLINES,BUSINESS,1.00,326.95,2412.00
RALEIGH DURHAM,SAN FRANCISCO,DOMESTIC            ,UNITED AIRLINES,BUSINESS,1.00,327.16,2412.00
RALEIGH DURHAM,SAN FRANCISCO,DOMESTIC            ,UNITED AIRLINES,BUSINESS,1.00,327.51,2412.00
RALEIGH DURHAM,SAN FRANCISCO,DOMESTIC            ,UNITED AIRLINES,BUSINESS,1.00,329.05,2412.00
RALEIGH DURHAM,SAN FRANCISCO,DOMESTIC            ,UNITED AIRLINES,BUSINESS,1.00,329.74,2412.00
RALEIGH DURHAM,SAN FRANCISCO,DOMESTIC            ,UNITED AIRLINES,BUSINESS,1.00,330.24,2412.00
RALEIGH DURHAM,SAN FRANCISCO,DOMESTIC            ,UNITED AIRLINES,BUSINESS,1.00,331.34,2412.00
RALEIGH DURHAM,SAN FRANCISCO,DOMESTIC            ,UNITED AIRLINES,BUSINESS,1.00,331.58,2412.00
RALEIGH DURHAM,SAN FRANCISCO,DOMESTIC            ,UNITED AIRLINES,BUSINESS,1.00,331.58,2412.00
RALEIGH DURHAM,SAN FRANCISCO,DOMESTIC            ,UNITED AIRLINES,BUSINESS,1.00,331.82,2412.00
RALEIGH DURHAM,SAN FRANCISCO,DOMESTIC            ,UNITED AIRLINES,BUSINESS,1.00,332.00,2412.00
RALEIGH DURHAM,SAN FRANCISCO,DOMESTIC            ,UNITED AIRLINES,BUSINESS,1.00,333.56,2412.00
RALEIGH DURHAM,SAN FRANCISCO,DOMESTIC            ,UNITED AIRLINES,BUSINESS,1.00,333.56,2412.00
RALEIGH DURHAM,SAN FRANCISCO,DOMESTIC            ,UNITED AIRLINES,BUSINESS,1.00,333.56,2412.00
RALEIGH DURHAM,SAN FRANCISCO,DOMESTIC            ,UNITED AIRLINES,BUSINESS,1.00,336.42,2412.00
RALEIGH DURHAM,SAN FRANCISCO,DOMESTIC            ,UNITED AIRLINES,BUSINESS,1.00,336.42,2412.00
RALEIGH DURHAM,SAN FRANCISCO,DOMESTIC            ,UNITED AIRLINES,BUSINESS,1.00,336.42,2412.00
RALEIGH DURHAM,SAN FRANCISCO,DOMESTIC            ,UNITED AIRLINES,BUSINESS,1.00,336.42,2412.00
RALEIGH DURHAM,SAN FRANCISCO,DOMESTIC            ,UNITED AIRLINES,BUSINESS,1.00,336.42,2412.00
RALEIGH DURHAM,SAN FRANCISCO,DOMESTIC            ,UNITED AIRLINES,BUSINESS,1.00,337.23,2412.00
RALEIGH DURHAM,SAN FRANCISCO,DOMESTIC            ,AMERICAN AIRLINES,BUSINESS,1.00,349.69,2412.00
RALEIGH DURHAM,SAN FRANCISCO,DOMESTIC            ,UNITED AIRLINES,BUSINESS,1.00,351.42,2412.00
RALEIGH DURHAM,SAN FRANCISCO,DOMESTIC            ,UNITED AIRLINES,BUSINESS,1.00,354.50,2412.00
RALEIGH DURHAM,SAN FRANCISCO,DOMESTIC            ,UNITED AIRLINES,BUSINESS,1.00,356.48,2412.00
RALEIGH DURHAM,SAN FRANCISCO,DOMESTIC            ,UNITED AIRLINES,BUSINESS,1.00,356.82,2412.00
RALEIGH DURHAM,SAN FRANCISCO,DOMESTIC            ,UNITED AIRLINES,BUSINESS,1.00,358.07,2412.00
RALEIGH DURHAM,SAN FRANCISCO,DOMESTIC            ,UNITED AIRLINES,BUSINESS,1.00,358.09,2412.00
RALEIGH DURHAM,SAN FRANCISCO,DOMESTIC            ,UNITED AIRLINES,BUSINESS,1.00,358.93,2412.00
RALEIGH DURHAM,SAN FRANCISCO,DOMESTIC            ,UNITED AIRLINES,BUSINESS,1.00,359.79,2412.00
RALEIGH DURHAM,SAN FRANCISCO,DOMESTIC            ,UNITED AIRLINES,BUSINESS,1.00,360.52,2412.00
RALEIGH DURHAM,SAN FRANCISCO,DOMESTIC            ,UNITED AIRLINES,BUSINESS,1.00,360.54,2412.00
RALEIGH DURHAM,SAN FRANCISCO,DOMESTIC            ,UNITED AIRLINES,BUSINESS,1.00,360.54,2412.00
RALEIGH DURHAM,SAN FRANCISCO,DOMESTIC            ,UNITED AIRLINES,BUSINESS,1.00,360.80,2412.00
RALEIGH DURHAM,SAN FRANCISCO,DOMESTIC            ,UNITED AIRLINES,BUSINESS,1.00,361.13,2412.00
RALEIGH DURHAM,SAN FRANCISCO,DOMESTIC            ,UNITED AIRLINES,BUSINESS,1.00,361.85,2412.00
RALEIGH DURHAM,SAN FRANCISCO,DOMESTIC            ,UNITED AIRLINES,BUSINESS,1.00,361.85,2412.00
RALEIGH DURHAM,SAN FRANCISCO,DOMESTIC            ,UNITED AIRLINES,BUSINESS,1.00,361.91,2412.00
RALEIGH DURHAM,SAN FRANCISCO,DOMESTIC            ,UNITED AIRLINES,BUSINESS,1.00,362.36,2412.00
RALEIGH DURHAM,SAN FRANCISCO,DOMESTIC            ,UNITED AIRLINES,BUSINESS,1.00,362.38,2412.00
RALEIGH DURHAM,SAN FRANCISCO,DOMESTIC            ,UNITED AIRLINES,BUSINESS,1.00,362.43,2412.00
RALEIGH DURHAM,SAN FRANCISCO,DOMESTIC            ,UNITED AIRLINES,BUSINESS,1.00,364.16,2412.00
RALEIGH DURHAM,SAN FRANCISCO,DOMESTIC            ,UNITED AIRLINES,BUSINESS,1.00,367.87,2412.00
RALEIGH DURHAM,SAN FRANCISCO,DOMESTIC            ,AMERICAN AIRLINES,BUSINESS,1.00,376.72,2412.00
RALEIGH DURHAM,SAN FRANCISCO,DOMESTIC            ,UNITED AIRLINES,BUSINESS,1.00,401.98,2412.00
RALEIGH DURHAM,SAN FRANCISCO,DOMESTIC            ,UNITED AIRLINES,BUSINESS,1.00,402.34,2412.00
RALEIGH DURHAM,SAN FRANCISCO,DOMESTIC            ,UNITED AIRLINES,BUSINESS,1.00,402.37,2412.00
RALEIGH DURHAM,SAN FRANCISCO,DOMESTIC            ,UNITED AIRLINES,BUSINESS,1.00,404.41,2412.00
RALEIGH DURHAM,SAN FRANCISCO,DOMESTIC            ,UNITED AIRLINES,BUSINESS,1.00,404.99,2412.00
RALEIGH DURHAM,SAN FRANCISCO,DOMESTIC            ,UNITED AIRLINES,BUSINESS,1.00,404.99,2412.00
RALEIGH DURHAM,SAN FRANCISCO,DOMESTIC            ,UNITED AIRLINES,BUSINESS,1.00,405.24,2412.00
RALEIGH DURHAM,SAN FRANCISCO,DOMESTIC            ,UNITED AIRLINES,BUSINESS,1.00,405.44,2412.00
RALEIGH DURHAM,SAN FRANCISCO,DOMESTIC            ,UNITED AIRLINES,BUSINESS,1.00,405.70,2412.00
RALEIGH DURHAM,SAN FRANCISCO,DOMESTIC            ,UNITED AIRLINES,BUSINESS,1.00,406.41,2412.00
RALEIGH DURHAM,SAN FRANCISCO,DOMESTIC            ,UNITED AIRLINES,BUSINESS,1.00,407.34,2412.00
RALEIGH DURHAM,SAN FRANCISCO,DOMESTIC            ,UNITED AIRLINES,BUSINESS,1.00,407.98,2412.00
RALEIGH DURHAM,SAN FRANCISCO,DOMESTIC            ,UNITED AIRLINES,BUSINESS,1.00,408.52,2412.00
RALEIGH DURHAM,SAN FRANCISCO,DOMESTIC            ,UNITED AIRLINES,BUSINESS,1.00,409.01,2412.00
RALEIGH DURHAM,SAN FRANCISCO,DOMESTIC            ,AMERICAN AIRLINES,BUSINESS,1.00,409.64,2412.00
RALEIGH DURHAM,SAN FRANCISCO,DOMESTIC            ,UNITED AIRLINES,BUSINESS,1.00,412.66,2412.00
RALEIGH DURHAM,SAN FRANCISCO,DOMESTIC            ,UNITED AIRLINES,BUSINESS,1.00,412.66,2412.00
RALEIGH DURHAM,SAN FRANCISCO,DOMESTIC            ,UNITED AIRLINES,BUSINESS,1.00,419.16,2412.00
RALEIGH DURHAM,SAN FRANCISCO,DOMESTIC            ,UNITED AIRLINES,BUSINESS,1.00,419.16,2412.00
RALEIGH DURHAM,SAN FRANCISCO,DOMESTIC            ,UNITED AIRLINES,BUSINESS,1.00,422.09,2412.00
RALEIGH DURHAM,SAN FRANCISCO,DOMESTIC            ,AMERICAN AIRLINES,BUSINESS,1.00,434.96,2412.00
RALEIGH DURHAM,SAN FRANCISCO,DOMESTIC            ,AMERICAN AIRLINES,BUSINESS,1.00,439.72,2412.00
RALEIGH DURHAM,SAN FRANCISCO,DOMESTIC            ,AMERICAN AIRLINES,BUSINESS,1.00,441.61,2412.00
RALEIGH DURHAM,SAN FRANCISCO,DOMESTIC            ,AMERICAN AIRLINES,BUSINESS,1.00,454.91,2412.00
RALEIGH DURHAM,SAN FRANCISCO,DOMESTIC            ,AMERICAN AIRLINES,BUSINESS,1.00,455.62,2412.00
RALEIGH DURHAM,SAN FRANCISCO,DOMESTIC            ,AMERICAN AIRLINES,BUSINESS,1.00,455.62,2412.00
RALEIGH DURHAM,SAN FRANCISCO,DOMESTIC            ,AMERICAN AIRLINES,BUSINESS,1.00,457.80,2412.00
RALEIGH DURHAM,SAN FRANCISCO,DOMESTIC            ,AMERICAN AIRLINES,BUSINESS,1.00,458.70,2412.00
RALEIGH DURHAM,SAN FRANCISCO,DOMESTIC            ,UNITED AIRLINES,BUSINESS,1.00,463.24,2412.00
RALEIGH DURHAM,SAN FRANCISCO,DOMESTIC            ,UNITED AIRLINES,BUSINESS,1.00,463.24,2412.00
RALEIGH DURHAM,SAN FRANCISCO,DOMESTIC            ,UNITED AIRLINES,BUSINESS,1.00,463.24,2412.00
RALEIGH DURHAM,SAN FRANCISCO,DOMESTIC            ,UNITED AIRLINES,BUSINESS,1.00,463.24,2412.00
RALEIGH DURHAM,SAN FRANCISCO,DOMESTIC            ,UNITED AIRLINES,BUSINESS,1.00,463.24,2412.00
RALEIGH DURHAM,SAN FRANCISCO,DOMESTIC            ,UNITED AIRLINES,BUSINESS,1.00,465.46,2412.00
RALEIGH DURHAM,SAN FRANCISCO,DOMESTIC            ,UNITED AIRLINES,BUSINESS,1.00,465.46,2412.00
RALEIGH DURHAM,SAN FRANCISCO,DOMESTIC            ,UNITED AIRLINES,BUSINESS,1.00,469.68,2412.00
RALEIGH DURHAM,SAN FRANCISCO,DOMESTIC            ,UNITED AIRLINES,BUSINESS,1.00,469.77,2412.00
RALEIGH DURHAM,SAN FRANCISCO,DOMESTIC            ,UNITED AIRLINES,BUSINESS,1.00,477.96,2412.00
RALEIGH DURHAM,SAN FRANCISCO,DOMESTIC            ,UNITED AIRLINES,BUSINESS,1.00,477.96,2412.00
RALEIGH DURHAM,SAN FRANCISCO,DOMESTIC            ,UNITED AIRLINES,BUSINESS,1.00,478.67,2412.00
RALEIGH DURHAM,SAN FRANCISCO,DOMESTIC            ,AMERICAN AIRLINES,BUSINESS,1.00,478.76,2412.00
RALEIGH DURHAM,SAN FRANCISCO,DOMESTIC            ,UNITED AIRLINES,BUSINESS,1.00,480.18,2412.00
RALEIGH DURHAM,SAN FRANCISCO,DOMESTIC            ,AMERICAN AIRLINES,BUSINESS,1.00,481.14,2412.00
RALEIGH DURHAM,SAN FRANCISCO,DOMESTIC            ,UNITED AIRLINES,BUSINESS,1.00,482.25,2412.00
RALEIGH DURHAM,SAN FRANCISCO,DOMESTIC            ,UNITED AIRLINES,BUSINESS,1.00,485.49,2412.00
RALEIGH DURHAM,SAN FRANCISCO,DOMESTIC            ,UNITED AIRLINES,BUSINESS,1.00,493.14,2412.00
RALEIGH DURHAM,SAN FRANCISCO,DOMESTIC            ,UNITED AIRLINES,BUSINESS,1.00,493.52,2412.00
RALEIGH DURHAM,SAN FRANCISCO,DOMESTIC            ,UNITED AIRLINES,BUSINESS,1.00,493.52,2412.00
RALEIGH DURHAM,SAN FRANCISCO,DOMESTIC            ,UNITED AIRLINES,BUSINESS,1.00,494.22,2412.00
RALEIGH DURHAM,SAN FRANCISCO,DOMESTIC            ,UNITED AIRLINES,BUSINESS,1.00,494.22,2412.00
RALEIGH DURHAM,SAN FRANCISCO,DOMESTIC            ,UNITED AIRLINES,BUSINESS,1.00,494.57,2412.00
RALEIGH DURHAM,SAN FRANCISCO,DOMESTIC            ,UNITED AIRLINES,BUSINESS,1.00,494.57,2412.00
RALEIGH DURHAM,SAN FRANCISCO,DOMESTIC            ,UNITED AIRLINES,BUSINESS,1.00,494.61,2412.00
RALEIGH DURHAM,SAN FRANCISCO,DOMESTIC            ,UNITED AIRLINES,BUSINESS,1.00,494.61,2412.00
RALEIGH DURHAM,SAN FRANCISCO,DOMESTIC            ,UNITED AIRLINES,BUSINESS,1.00,494.67,2412.00
RALEIGH DURHAM,SAN FRANCISCO,DOMESTIC            ,UNITED AIRLINES,BUSINESS,1.00,494.67,2412.00
RALEIGH DURHAM,SAN FRANCISCO,DOMESTIC            ,UNITED AIRLINES,BUSINESS,1.00,494.67,2412.00
RALEIGH DURHAM,SAN FRANCISCO,DOMESTIC            ,UNITED AIRLINES,BUSINESS,1.00,494.67,2412.00
RALEIGH DURHAM,SAN FRANCISCO,DOMESTIC            ,UNITED AIRLINES,BUSINESS,1.00,495.09,2412.00
RALEIGH DURHAM,SAN FRANCISCO,DOMESTIC            ,UNITED AIRLINES,BUSINESS,1.00,495.09,2412.00
RALEIGH DURHAM,SAN FRANCISCO,DOMESTIC            ,UNITED AIRLINES,BUSINESS,1.00,495.95,2412.00
RALEIGH DURHAM,SAN FRANCISCO,DOMESTIC            ,UNITED AIRLINES,BUSINESS,1.00,497.57,2412.00
RALEIGH DURHAM,SAN FRANCISCO,DOMESTIC            ,UNITED AIRLINES,BUSINESS,1.00,497.76,2412.00
RALEIGH DURHAM,SAN FRANCISCO,DOMESTIC            ,UNITED AIRLINES,BUSINESS,1.00,497.99,2412.00
RALEIGH DURHAM,SAN FRANCISCO,DOMESTIC            ,UNITED AIRLINES,BUSINESS,1.00,497.99,2412.00
RALEIGH DURHAM,SAN FRANCISCO,DOMESTIC            ,UNITED AIRLINES,BUSINESS,1.00,498.70,2412.00
RALEIGH DURHAM,SAN FRANCISCO,DOMESTIC            ,UNITED AIRLINES,BUSINESS,1.00,498.70,2412.00
RALEIGH DURHAM,SAN FRANCISCO,DOMESTIC            ,UNITED AIRLINES,BUSINESS,1.00,498.80,2412.00
RALEIGH DURHAM,SAN FRANCISCO,DOMESTIC            ,UNITED AIRLINES,BUSINESS,1.00,499.91,2412.00
RALEIGH DURHAM,SAN FRANCISCO,DOMESTIC            ,UNITED AIRLINES,BUSINESS,1.00,501.29,2412.00
RALEIGH DURHAM,SAN FRANCISCO,DOMESTIC            ,UNITED AIRLINES,BUSINESS,1.00,503.29,2412.00
RALEIGH DURHAM,SAN FRANCISCO,DOMESTIC            ,UNITED AIRLINES,BUSINESS,1.00,503.31,2412.00
RALEIGH DURHAM,SAN FRANCISCO,DOMESTIC            ,UNITED AIRLINES,BUSINESS,1.00,511.59,2412.00
RALEIGH DURHAM,SAN FRANCISCO,DOMESTIC            ,UNITED AIRLINES,BUSINESS,1.00,511.59,2412.00
RALEIGH DURHAM,SAN FRANCISCO,DOMESTIC            ,UNITED AIRLINES,BUSINESS,1.00,511.59,2412.00
RALEIGH DURHAM,SAN FRANCISCO,DOMESTIC            ,UNITED AIRLINES,BUSINESS,1.00,511.59,2412.00
RALEIGH DURHAM,SAN FRANCISCO,DOMESTIC            ,UNITED AIRLINES,BUSINESS,1.00,515.80,2412.00
RALEIGH DURHAM,SAN FRANCISCO,DOMESTIC            ,AMERICAN AIRLINES,BUSINESS,1.00,526.75,2412.00
RALEIGH DURHAM,SAN FRANCISCO,DOMESTIC            ,AMERICAN AIRLINES,BUSINESS,1.00,529.12,2412.00
RALEIGH DURHAM,SAN FRANCISCO,DOMESTIC            ,UNITED AIRLINES,BUSINESS,1.00,541.94,2412.00
RALEIGH DURHAM,SAN FRANCISCO,DOMESTIC            ,UNITED AIRLINES,BUSINESS,1.00,555.02,2412.00
RALEIGH DURHAM,SAN FRANCISCO,DOMESTIC            ,UNITED AIRLINES,BUSINESS,1.00,555.02,2412.00
RALEIGH DURHAM,SAN FRANCISCO,DOMESTIC            ,UNITED AIRLINES,BUSINESS,1.00,555.39,2412.00
RALEIGH DURHAM,SAN FRANCISCO,DOMESTIC            ,UNITED AIRLINES,BUSINESS,1.00,558.39,2412.00
RALEIGH DURHAM,SAN FRANCISCO,DOMESTIC            ,UNITED AIRLINES,BUSINESS,1.00,558.46,2412.00
RALEIGH DURHAM,SAN FRANCISCO,DOMESTIC            ,AMERICAN AIRLINES,BUSINESS,1.00,558.95,2412.00
RALEIGH DURHAM,SAN FRANCISCO,DOMESTIC            ,UNITED AIRLINES,BUSINESS,1.00,560.08,2412.00
RALEIGH DURHAM,SAN FRANCISCO,DOMESTIC            ,UNITED AIRLINES,BUSINESS,1.00,561.68,2412.00
RALEIGH DURHAM,SAN FRANCISCO,DOMESTIC            ,UNITED AIRLINES,BUSINESS,1.00,562.49,2412.00
RALEIGH DURHAM,SAN FRANCISCO,DOMESTIC            ,UNITED AIRLINES,BUSINESS,1.00,562.49,2412.00
RALEIGH DURHAM,SAN FRANCISCO,DOMESTIC            ,AMERICAN AIRLINES,BUSINESS,1.00,586.78,2412.00
RALEIGH DURHAM,SAN FRANCISCO,DOMESTIC            ,UNITED AIRLINES,BUSINESS,1.00,593.95,2412.00
RALEIGH DURHAM,SAN FRANCISCO,DOMESTIC            ,UNITED AIRLINES,BUSINESS,1.00,595.12,2412.00
RALEIGH DURHAM,SAN FRANCISCO,DOMESTIC            ,UNITED AIRLINES,BUSINESS,1.00,630.00,2412.00
RALEIGH DURHAM,SAN FRANCISCO,DOMESTIC            ,UNITED AIRLINES,BUSINESS,1.00,634.69,2412.00
RALEIGH DURHAM,SAN FRANCISCO,DOMESTIC            ,UNITED AIRLINES,BUSINESS,1.00,640.69,2412.00
RALEIGH DURHAM,SAN FRANCISCO,DOMESTIC            ,UNITED AIRLINES,BUSINESS,1.00,644.89,2412.00
RALEIGH DURHAM,SAN FRANCISCO,DOMESTIC            ,UNITED AIRLINES,BUSINESS,1.00,644.89,2412.00
RALEIGH DURHAM,SAN FRANCISCO,DOMESTIC            ,UNITED AIRLINES,BUSINESS,1.00,645.86,2412.00
RALEIGH DURHAM,SAN FRANCISCO,DOMESTIC            ,UNITED AIRLINES,BUSINESS,1.00,645.86,2412.00
RALEIGH DURHAM,SAN FRANCISCO,DOMESTIC            ,UNITED AIRLINES,BUSINESS,1.00,646.24,2412.00
RALEIGH DURHAM,SAN FRANCISCO,DOMESTIC            ,UNITED AIRLINES,BUSINESS,1.00,646.24,2412.00
RALEIGH DURHAM,SAN FRANCISCO,DOMESTIC            ,UNITED AIRLINES,BUSINESS,1.00,647.71,2412.00
RALEIGH DURHAM,SAN FRANCISCO,DOMESTIC            ,UNITED AIRLINES,BUSINESS,1.00,647.83,2412.00
RALEIGH DURHAM,SAN FRANCISCO,DOMESTIC            ,UNITED AIRLINES,BUSINESS,1.00,647.83,2412.00
RALEIGH DURHAM,SAN FRANCISCO,DOMESTIC            ,UNITED AIRLINES,BUSINESS,1.00,648.49,2412.00
RALEIGH DURHAM,SAN FRANCISCO,DOMESTIC            ,UNITED AIRLINES,BUSINESS,1.00,648.85,2412.00
RALEIGH DURHAM,SAN FRANCISCO,DOMESTIC            ,UNITED AIRLINES,BUSINESS,1.00,648.93,2412.00
RALEIGH DURHAM,SAN FRANCISCO,DOMESTIC            ,UNITED AIRLINES,BUSINESS,1.00,648.96,2412.00
RALEIGH DURHAM,SAN FRANCISCO,DOMESTIC            ,UNITED AIRLINES,BUSINESS,1.00,648.96,2412.00
RALEIGH DURHAM,SAN FRANCISCO,DOMESTIC            ,UNITED AIRLINES,BUSINESS,1.00,704.38,2412.00
RALEIGH DURHAM,SAN FRANCISCO,DOMESTIC            ,UNITED AIRLINES,BUSINESS,1.00,816.57,2412.00
RALEIGH DURHAM,SAN FRANCISCO,DOMESTIC            ,UNITED AIRLINES,BUSINESS,1.00,906.84,2412.00
RALEIGH DURHAM,SAN FRANCISCO,DOMESTIC            ,UNITED AIRLINES,BUSINESS,1.00,911.32,2412.00
RALEIGH DURHAM,SAN FRANCISCO,DOMESTIC            ,UNITED AIRLINES,BUSINESS,1.00,918.94,2412.00
RALEIGH DURHAM,SAN FRANCISCO,DOMESTIC            ,UNITED AIRLINES,BUSINESS,1.00,920.02,2412.00